hour,pu_a_mean,pu_a_min,pu_a_max,pu_b_mean,pu_b_min,pu_b_max,pu_c_mean,pu_c_min,pu_c_max,converged_first
1837,1.0058289465608925,0.9973717489649154,1.0306241777315719,1.0058289465587715,0.9973717489657226,1.0306241777277587,1.0058289465611783,0.9973717489629577,1.0306241777359635,True
